id,menu_id,view_name,view_center_lat,view_center_lng,view_zoom
1,6065,linn,41.97499774,-91.66723967,15
2,200,home,,,
3,6043,harrison,41.72366806,-95.84266663,10
4,6071,cedar,41.80151887,-91.14017487,11
5,6036,ida,42.3444,-95.4706,13
6,6002,lyon,43.28295401,-96.22460175,10
7,6056,polk,41.685,-93.5703,10
8,6108,lee,40.6428,-91.4744,10
9,6053,story,42.0378,-93.4664,11